viajes_y_turismo,Hotel Quinta Vergara,hotel_quinta_vergara.html,Viajes Y Turismo,Hoteles,Traslados|Personal Bilingüe|Caja De Seguridad,
viajes_y_turismo,Turismo Rio Baker,turismo_rio_baker.html,Viajes Y Turismo,Excursiones - Turismo,,
viajes_y_turismo,Hostal Caleta Cheño,hostal_caleta_cheno.html,Viajes Y Turismo,Hoteles,Alojamiento,
viajes_y_turismo,Hotel Copenhague,hotel_copenhague.html,Viajes Y Turismo,Hoteles,Traslados|Personal Bilingüe|Caja De Seguridad,
viajes_y_turismo,Agencia de Viajes Soltour,agencia_de_viajes_soltour.html,Viajes Y Turismo,Agencias De Viajes,Viajes De Corta Y Larga Distancia|Reserva De Vuelos|City Tour,Royal Caribbean Internacional|Enjoy Casino|Lan
viajes_y_turismo,Toque Nativo Centro Integral de Arte y Salud,toque_nativo_centro_integral_de_arte_y_salud.html,Viajes Y Turismo,Spa,,
viajes_y_turismo,Turismo Weippert,turismo_weippert.html,Viajes Y Turismo,Agencias De Viajes,Viajes De Corta Y Larga Distancia|Reserva De Vuelos|City Tour,Royal Caribbean Internacional|Enjoy Casino|Lan
viajes_y_turismo,Marina,marina.html,Viajes Y Turismo,Moteles,,
viajes_y_turismo,Turimo Marazul,turimo_marazul.html,Viajes Y Turismo,Agencias De Viajes,Viajes De Corta Y Larga Distancia|Reserva De Vuelos|City Tour,Royal Caribbean Internacional|Enjoy Casino|Lan
viajes_y_turismo,Club Internacional de Turismo,club_internacional_de_turismo.html,Viajes Y Turismo,Agencias De Viajes,Viajes De Corta Y Larga Distancia|Reserva De Vuelos|City Tour,Royal Caribbean Internacional|Enjoy Casino|Lan
viajes_y_turismo,Malibu,malibu.html,Viajes Y Turismo,Moteles,,
viajes_y_turismo,Hotel Monterilla,hotel_monterilla.html,Viajes Y Turismo,Hoteles,Traslados|Personal Bilingüe|Caja De Seguridad,
viajes_y_turismo,Hotel Legolas,hotel_legolas.html,Viajes Y Turismo,Hoteles,Traslados|Personal Bilingüe|Caja De Seguridad,
viajes_y_turismo,Hostal El Borrico,hostal_el_borrico.html,Viajes Y Turismo,Hoteles,Traslados|Personal Bilingüe|Caja De Seguridad,
viajes_y_turismo,Intravel Tours,intravel_tours.html,Viajes Y Turismo,Agencias De Viajes,Viajes De Corta Y Larga Distancia|Reserva De Vuelos|City Tour,Royal Caribbean Internacional|Enjoy Casino|Lan
viajes_y_turismo,Oca Tour Agencia de Viajes,oca_tour_agencia_de_viajes.html,Viajes Y Turismo,Agencias De Viajes,Viajes De Corta Y Larga Distancia|Reserva De Vuelos|City Tour,Royal Caribbean Internacional|Enjoy Casino|Lan
viajes_y_turismo,Sheraton Miramar,sheraton_miramar.html,Viajes Y Turismo,Hoteles,Traslados|Personal Bilingüe|Caja De Seguridad,
viajes_y_turismo,Motel El Sol,motel_el_sol.html,Viajes Y Turismo,Moteles,,
viajes_y_turismo,Queen Royal Hotel,queen_royal_hotel.html,Viajes Y Turismo,Hoteles,Traslados|Personal Bilingüe|Caja De Seguridad,
viajes_y_turismo,Servicios Hoteleros Comercial Le King Ltda.,servicios_hoteleros_comercial_le_king_ltda_.html,Viajes Y Turismo,Hoteles,Traslados|Personal Bilingüe|Caja De Seguridad,
viajes_y_turismo,Hotel Marina Azul,hotel_marina_azul_2.html,Viajes Y Turismo,Hoteles,,
viajes_y_turismo,Verschae,verschae.html,Viajes Y Turismo|Automotores|Transporte Y Mudanzas,Transportes Terrestres|Buses Para Turismo|Arriendo De Automoviles,Viajes De Corta Y Larga Distancia|Transporte De Vehículos Y Maquinaria|Seguro Y Cobertura Médica|Residuos Peligrosos|Reserva De Vuelos|Leasing Operativo|Excursiones Y Transporte|City Tour|Arriendo De Buses|Alquiler De Micros Y Vans|Alquiler De Gps|Mudanzas,Royal Caribbean Internacional|Enjoy Casino|Pedigree|Lan|Whiskas|Royal Canin
viajes_y_turismo,Hotel Rokamar,hotel_rokamar.html,Viajes Y Turismo,Hoteles,Traslados|Personal Bilingüe|Caja De Seguridad,
viajes_y_turismo,Patiperro Viajes,patiperro-viajes-1.html,Viajes Y Turismo,Agencias De Viajes|Turismo,,
viajes_y_turismo,Hotel Mar Poniente,hotel_mar_poniente.html,Viajes Y Turismo,Hoteles,Traslados|Personal Bilingüe|Caja De Seguridad,
viajes_y_turismo,Abastecedora Multimat Ltda.,abastecedora_multimat_ltda_.html,Viajes Y Turismo|Comercios Minoristas Y Mayoristas|Servicios A Domicilio,Menajes|Proveedores De Hoteles|Cristalerias,Pinturas Y Revestimientos|Esmalte Anticorrosivo|Pintura Aluminio,
viajes_y_turismo,Hotel Albamar,hotel_albamar.html,Viajes Y Turismo|Restaurantes Y Bares,Restaurantes|Hoteles,Traslados|Personal Bilingüe|Degustación De Vinos|Degustación De Platos|Caja De Seguridad|Platos Elaborados,Cachantun|Stella Artois|Coca Cola
viajes_y_turismo,Hotel Cantamar,hotel_cantamar.html,Viajes Y Turismo,Hoteles,Traslados|Personal Bilingüe|Caja De Seguridad,
viajes_y_turismo,Chilelindo Internacional,chilelindo_internacional.html,Viajes Y Turismo,Agencias De Viajes,Viajes De Corta Y Larga Distancia|Reserva De Vuelos|City Tour,Royal Caribbean Internacional|Enjoy Casino|Lan
viajes_y_turismo,De Sathya Hotel,de_sathya_hotel.html,Viajes Y Turismo,Hoteles,Traslados|Personal Bilingüe|Caja De Seguridad,
viajes_y_turismo,Hotel Rondo,hotel_rondo.html,Viajes Y Turismo,Hoteles,Traslados|Personal Bilingüe|Caja De Seguridad,
viajes_y_turismo,B & B Caballo Bayo,b_b_caballo_bayo.html,Viajes Y Turismo,Hoteles,Traslados|Personal Bilingüe|Caja De Seguridad,
viajes_y_turismo,Romeo Viajes,romeo_viajes.html,Viajes Y Turismo,Agencias De Viajes,Viajes De Corta Y Larga Distancia|Reserva De Vuelos|City Tour,Royal Caribbean Internacional|Enjoy Casino|Lan
viajes_y_turismo,Hotel Costa Reñaca,hotel_costa_renaca.html,Viajes Y Turismo,Hoteles,Traslados|Personal Bilingüe|Caja De Seguridad,
viajes_y_turismo,B&b Casa del Sol,bb_casa_del_sol.html,Viajes Y Turismo,Hoteles,Traslados|Personal Bilingüe|Caja De Seguridad,
viajes_y_turismo,Motel la Fontana Hotel,motel_la_fontana_hotel.html,Viajes Y Turismo,Moteles,,
viajes_y_turismo,Apart Hotel Aquamarina,apart_hotel_aquamarina.html,Viajes Y Turismo,Hoteles,Traslados|Personal Bilingüe|Caja De Seguridad,
viajes_y_turismo,Hostal El Escorial,hostal_el_escorial.html,Viajes Y Turismo,Hoteles,Traslados|Personal Bilingüe|Caja De Seguridad,
viajes_y_turismo,Agencia de Turismo Rodotour,agencia_de_turismo_rodotour.html,Viajes Y Turismo,Turismo,Trekking|City Tour|Ski Y Snowboard,Royal Caribbean Internacional|Enjoy Casino|Lan
viajes_y_turismo,Hotel Turismo Florencia,hotel_turismo_florencia.html,Viajes Y Turismo,Hoteles,Traslados|Personal Bilingüe|Caja De Seguridad,
viajes_y_turismo,Hostal Vista Hermosa,hostal_vista_hermosa.html,Viajes Y Turismo,Hoteles,Traslados|Personal Bilingüe|Caja De Seguridad,
viajes_y_turismo,Hostal Villamar,hostal_villamar.html,Viajes Y Turismo,Hoteles,Traslados|Personal Bilingüe|Caja De Seguridad,
viajes_y_turismo,Boutique Hotel Viña del Mar,boutique_hotel_vina_del_mar.html,Viajes Y Turismo,Hoteles,Traslados|Personal Bilingüe|Caja De Seguridad,
viajes_y_turismo,Paramar Hotel,paramar_hotel.html,Viajes Y Turismo,Moteles,,
viajes_y_turismo,Bed & Breakfast Girasoles Valparaíso,bed_breakfast_girasoles_valparaiso.html,Viajes Y Turismo,Hosterias,Servicio De Camarera|Quincho Para Asados|Frigobar,
viajes_y_turismo,Andes Trek Adventure,andes_trek_adventure.html,Viajes Y Turismo,Turismo Aventura,Turismo Ecologico|Montañismo Y Trekking|Turismo|Excursiones|Paquetes Turísticos,
viajes_y_turismo,Turismo y Cambios Esprin Tour Ltda.,turismo_y_cambios_esprin_tour_ltda_.html,Viajes Y Turismo,Agencias De Viajes,Viajes De Corta Y Larga Distancia|Reserva De Vuelos|City Tour,Royal Caribbean Internacional|Enjoy Casino|Lan
viajes_y_turismo,Mar Viña,mar_vina.html,Viajes Y Turismo,Moteles,,
viajes_y_turismo,Hotel Ankara,hotel_ankara.html,Viajes Y Turismo,Hoteles,Traslados|Personal Bilingüe|Caja De Seguridad,
viajes_y_turismo,Alitour,alitour.html,Viajes Y Turismo,Agencias De Viajes,Viajes De Corta Y Larga Distancia|Reserva De Vuelos|City Tour,Royal Caribbean Internacional|Enjoy Casino|Lan
viajes_y_turismo,Che Lagarto Viña del Mar,che_lagarto_vina_del_mar.html,Viajes Y Turismo,Hostels|Turismo|Hosterias,Trekking|Traslados|Servicio De Camarera|Quincho Para Asados|Personal Bilingüe|City Tour|Frigobar|Ski Y Snowboard,Royal Caribbean Internacional|Enjoy Casino|Lan
viajes_y_turismo,Turismo Roco,turismo_roco.html,Viajes Y Turismo,Agencias De Viajes|Turismo,Viajes De Corta Y Larga Distancia|Trekking|Reserva De Vuelos|City Tour|Ski Y Snowboard,Royal Caribbean Internacional|Enjoy Casino|Lan
viajes_y_turismo,Sunset,sunset.html,Viajes Y Turismo,Moteles,,
viajes_y_turismo,Hotel Cerro del Castillo,hotel_cerro_del_castillo.html,Viajes Y Turismo,Bed & Breakfast|Hoteles|Turismo,Trekking|Traslados|Personal Bilingüe|City Tour|Caja De Seguridad|Ski Y Snowboard,Royal Caribbean Internacional|Enjoy Casino|Lan
viajes_y_turismo,Hotel y Cafetería Vancouver Viña,hotel_y_cafeteria_vancouver_vina.html,Viajes Y Turismo,Hoteles,Traslados|Personal Bilingüe|Caja De Seguridad,
viajes_y_turismo,Peet Tour Turismo,peet_tour_turismo.html,Viajes Y Turismo,Turismo,Trekking|City Tour|Ski Y Snowboard,Royal Caribbean Internacional|Enjoy Casino|Lan
viajes_y_turismo,Minibuses J.E.C. Turismo,minibuses_j_e_c_turismo.html,Viajes Y Turismo,Turismo,Trekking|City Tour|Ski Y Snowboard,Royal Caribbean Internacional|Enjoy Casino|Lan
viajes_y_turismo,Agencia Turis. Mar.,agencia_turis_mar_.html,Viajes Y Turismo,Turismo,Trekking|City Tour|Ski Y Snowboard,Royal Caribbean Internacional|Enjoy Casino|Lan
viajes_y_turismo,turismoelgueta,turismoelgueta.html,Viajes Y Turismo,Agencias De Viajes,Excursiones Y Transporte,Transporte Fbm
viajes_y_turismo,Satour Viajes,satour_viajes.html,Transporte Y Mudanzas|Viajes Y Turismo,Agencias De Viajes|Buses Para Turismo,Viajes De Corta Y Larga Distancia|Reserva De Vuelos|Excursiones Y Transporte|City Tour|Arriendo De Buses|Alquiler De Micros Y Vans,Royal Caribbean Internacional|Enjoy Casino|Lan
viajes_y_turismo,Hotel Marina Azul,hotel_marina_azul.html,Viajes Y Turismo,Hoteles,Traslados|Personal Bilingüe|Caja De Seguridad,
viajes_y_turismo,Andes Trek,andes_trek.html,Viajes Y Turismo|Enseñanza,Capacitacion|Turismo Aventura,Cursos De Capacitación|Centro De Capacitación|Asesoría Y Capacitación,
viajes_y_turismo,Hostal Los Delfines,hostal_los_delfines.html,Viajes Y Turismo,Hostels|Hosterias|Turismo,Trekking|Traslados|Servicio De Camarera|Quincho Para Asados|Personal Bilingüe|City Tour|Frigobar|Ski Y Snowboard,Royal Caribbean Internacional|Enjoy Casino|Lan
viajes_y_turismo,Hotel Oceanic,hotel_oceanic.html,Viajes Y Turismo|Restaurantes Y Bares,Restaurantes Especialidad Francesa|Restaurantes|Hoteles,Traslados|Personal Bilingüe|Degustación De Vinos|Degustación De Platos|Caja De Seguridad|Platos Elaborados,Cachantun|Stella Artois|Coca Cola
viajes_y_turismo,Hostal Madrigal,hostal_madrigal.html,Viajes Y Turismo,Hoteles,Traslados|Personal Bilingüe|Caja De Seguridad,
viajes_y_turismo,Transtur Ltda.,transtur_ltda_.html,Viajes Y Turismo,Agencias De Viajes,Viajes De Corta Y Larga Distancia|Reserva De Vuelos|City Tour,Royal Caribbean Internacional|Enjoy Casino|Lan
viajes_y_turismo,Hotel Vía Asturias,hotel_via_asturias.html,Viajes Y Turismo,Hoteles,Traslados|Personal Bilingüe|Caja De Seguridad,
viajes_y_turismo,Hotel Crown Royal,hotel_crown_royal.html,Viajes Y Turismo,Hoteles,Traslados|Personal Bilingüe|Caja De Seguridad,
viajes_y_turismo,Hostal la Siesta de los Poetas,hostal_la_siesta_de_los_poetas.html,Viajes Y Turismo,Hoteles,Traslados|Personal Bilingüe|Caja De Seguridad,
viajes_y_turismo,Hotel Gala,hotel_gala.html,Viajes Y Turismo|Restaurantes Y Bares,Bares|Restaurantes|Hoteles,Traslados|Personal Bilingüe|Degustación De Vinos|Degustación De Platos|Caja De Seguridad|Platos Elaborados,Cachantun|Stella Artois|Coca Cola
viajes_y_turismo,Canopy Sudamerica,canopy_sudamerica.html,Viajes Y Turismo,Turismo Aventura,,
viajes_y_turismo,Turismo Zahr Ltda.,turismo_zahr_ltda_.html,Viajes Y Turismo,Agencias De Viajes,Viajes De Corta Y Larga Distancia|Reserva De Vuelos|City Tour,Royal Caribbean Internacional|Enjoy Casino|Lan
viajes_y_turismo,Hostal la Roca,hostal_la_roca.html,Viajes Y Turismo,Hoteles,Traslados|Personal Bilingüe|Caja De Seguridad,
viajes_y_turismo,Mount Royal Hotel,mount_royal_hotel.html,Viajes Y Turismo,Hoteles,Traslados|Personal Bilingüe|Caja De Seguridad,
viajes_y_turismo,Cocha,cocha.html,Viajes Y Turismo,Agencias De Viajes,Viajes De Corta Y Larga Distancia|Reserva De Vuelos|City Tour,Royal Caribbean Internacional|Enjoy Casino|Lan
viajes_y_turismo,Magno Hotel,magno_hotel.html,Viajes Y Turismo,Hoteles,Traslados|Personal Bilingüe|Caja De Seguridad,
viajes_y_turismo,Baltazar Turismo,baltazar_turismo.html,Transporte Y Mudanzas|Viajes Y Turismo,Agencias De Viajes|Buses Para Turismo,Viajes De Corta Y Larga Distancia|Reserva De Vuelos|Excursiones Y Transporte|City Tour|Arriendo De Buses|Alquiler De Micros Y Vans,Royal Caribbean Internacional|Enjoy Casino|Lan
viajes_y_turismo,Hotel Agora,hotel_agora.html,Viajes Y Turismo,Hoteles,Traslados|Personal Bilingüe|Caja De Seguridad,
viajes_y_turismo,Hotel Bw María del Rey,hotel_bw_maria_del_rey.html,Viajes Y Turismo,Hoteles,Traslados|Personal Bilingüe|Caja De Seguridad,
viajes_y_turismo,Hostal Cristina,hostal_cristina.html,Viajes Y Turismo,Hoteles,Traslados|Personal Bilingüe|Caja De Seguridad,
viajes_y_turismo,Hotel Andalué,hotel_andalue.html,Viajes Y Turismo,Hoteles,Traslados|Personal Bilingüe|Caja De Seguridad,
viajes_y_turismo,T & T Tour And Transfer,t_t_tour_and_transfer.html,Viajes Y Turismo,Agencias De Viajes,Viajes De Corta Y Larga Distancia|Reserva De Vuelos|City Tour,Royal Caribbean Internacional|Enjoy Casino|Lan
viajes_y_turismo,Viajes Especiales Al Aeropuerto Ricardo Espinoza,viajes_especiales_al_aeropuerto_ricardo_espinoza.html,Viajes Y Turismo,Turismo,Trekking|City Tour|Ski Y Snowboard,Royal Caribbean Internacional|Enjoy Casino|Lan
viajes_y_turismo,Hostal Cielo,hostal_cielo.html,Viajes Y Turismo,Hoteles,Traslados|Personal Bilingüe|Caja De Seguridad,
viajes_y_turismo,Petit Hotel Residencia Palace,petit_hotel_residencia_palace.html,Viajes Y Turismo,Hoteles,Traslados|Personal Bilingüe|Caja De Seguridad,
viajes_y_turismo,Hotel Capric,hotel_capric.html,Viajes Y Turismo,Hoteles,Traslados|Personal Bilingüe|Caja De Seguridad,
viajes_y_turismo,Hostal Matíz,hostal_matiz.html,Viajes Y Turismo,Hosterias,Servicio De Camarera|Quincho Para Asados|Frigobar,
viajes_y_turismo,Terra Nova Turismo,terra_nova_turismo.html,Viajes Y Turismo,Agencias De Viajes|Turismo,Viajes De Corta Y Larga Distancia|Trekking|Reserva De Vuelos|City Tour|Ski Y Snowboard,Royal Caribbean Internacional|Enjoy Casino|Lan
viajes_y_turismo,Apart Hotel Brisas del Mar,apart_hotel_brisas_del_mar.html,Viajes Y Turismo,Hoteles,Traslados|Personal Bilingüe|Caja De Seguridad,
viajes_y_turismo,Hotelera Cap Ducal S.A.,hotelera_cap_ducal_s_a_.html,Viajes Y Turismo,Hoteles,Traslados|Personal Bilingüe|Caja De Seguridad,
viajes_y_turismo,Hospedajes Mirta,hospedajes_mirta.html,Viajes Y Turismo,Hosterias,Servicio De Camarera|Quincho Para Asados|Frigobar,
viajes_y_turismo,Hotel Tres Poniente,hotel_tres_poniente.html,Viajes Y Turismo,Hoteles,Traslados|Personal Bilingüe|Caja De Seguridad,
viajes_y_turismo,Hotel Alcántara,hotel_alcantara.html,Viajes Y Turismo,Hoteles,Traslados|Personal Bilingüe|Caja De Seguridad,
viajes_y_turismo,Restobar Utopya`s,restobar_utopya_s.html,Servicios Profesionales|Restaurantes Y Bares|Viajes Y Turismo,Asesorias En Hoteleria Y Restoracion|Hoteles|Gastronomia,Traslados|Personal Bilingüe|Caja De Seguridad,
viajes_y_turismo,Hotel Pau San,hotel_pau_san.html,Viajes Y Turismo,Hoteles,Traslados|Personal Bilingüe|Caja De Seguridad,
viajes_y_turismo,Casino Municipal de Viña del Mar,casino_municipal_de_vina_del_mar.html,Entretenimiento Y Deportes|Viajes Y Turismo,Hoteles|Concesionarios De Casinos,Traslados|Personal Bilingüe|Caja De Seguridad,
viajes_y_turismo,Transcontinente,transcontinente.html,Viajes Y Turismo,Agencias De Viajes,Viajes De Corta Y Larga Distancia|Reserva De Vuelos|City Tour,Royal Caribbean Internacional|Enjoy Casino|Lan
viajes_y_turismo,Apart Hotel Reñaca Inn,apart_hotel_renaca_inn.html,Viajes Y Turismo,Hoteles,Traslados|Personal Bilingüe|Caja De Seguridad,
viajes_y_turismo,Hotel 3 Poniente,hotel_3_poniente.html,Viajes Y Turismo,Hoteles,Traslados|Personal Bilingüe|Caja De Seguridad,
viajes_y_turismo,Hotel Boutique Rent a Home,hotel_boutique_rent_a_home_4.html,Viajes Y Turismo,Hoteles,,
viajes_y_turismo,Residencia Offenbacher-hof,residencia_offenbacher_hof.html,Viajes Y Turismo,Hoteles,Traslados|Personal Bilingüe|Caja De Seguridad,
viajes_y_turismo,Piero's Hotel,pieros_hotel.html,Viajes Y Turismo,Hoteles,Traslados|Personal Bilingüe|Caja De Seguridad,
viajes_y_turismo,Turismo Kaylu de la Costa,turismo_kaylu_de_la_costa.html,Viajes Y Turismo,Agencias De Viajes,Viajes De Corta Y Larga Distancia|Reserva De Vuelos|City Tour,Royal Caribbean Internacional|Enjoy Casino|Lan
viajes_y_turismo,Hotel Segreto,hotel_segreto.html,Viajes Y Turismo,Hoteles,Traslados|Personal Bilingüe|Caja De Seguridad,
viajes_y_turismo,"Agencia de turismo "" Andean Extreme - Tour Operador de chile""",agencia_de_turismo_andean_extreme_tour_operador_de_chile.html,Viajes Y Turismo,Turismo Aventura,,
viajes_y_turismo,Hotel de Viña,hotel_de_vina.html,Viajes Y Turismo,Hoteles,Traslados|Personal Bilingüe|Caja De Seguridad,
